age_group,count,pop,count_10000,age_range
Adult,3600540,19879200,1811.209707,18 to 60
Elder,480597,3649000,1317.064949,60 and above
Adolescent,322287,3111400,1035.826316,12 to 18
